8000,green
FF0000,red
0,Black
33,midnightblue
80,navy
1980,topaz
3300,pinegreen
6400,darkgreen
6633,starbucks
8080,teal
9900,irish flag
30303,gray1
490,royalblue
50505,gray2
68481,sea green
80808,gray3
108070,malachite
121212,gray7
141414,gray8
150517,Gray0
171717,gray9
174038,masters jacket
191970,midnightblue
212121,gray13
218868,indigo2
242424,gray14
250517,Gray18
254117,Dark Green
262626,gray15
284942,cooler
292421,ivoryblack
292929,gray
302217,Gray23
302226,Gray24
303030,gray19
306754,Medium Sea Green
308014,sapgreen
329555,green line
330000,darkcherryred
333333,gray20
337147,old money
342826,Gray25
344152,blue corn
347235,Medium Forest Green
348017,Medium Spring Green
348781,Medium Aquamarine
363636,gray21
380474,blue deep
383838,gray22
404040,gray25
413839,Gray30
424242,gray26
426352,isle royale greenstone
454545,gray27
457371,green agate
474747,gray28
487153,scotland pound
488214,holly
506987,lake superior
507786,LCD dark
517693,malta blue
525252,gray32
543948,grape
551011,burntsienna
551033,deeppurple
555555,gray33
565051,Gray39
575757,gray34
586949,broccoli
595454,Gray40
595959,gray35
597368,green bark
603311,sign brown
608341,palm
61,gray38
629632,green apple
636363,gray39
646060,Gray44
657383,Slate Gray
660000,bloodred
660198,concord grape
666362,Gray45
666666,gray40
668014,chromeoxidegreen
688571,england pound
694489,purple rain
696565,Gray46
696969,dimgray
696969,dimgrey
699864,putting
707070,gray44
708090,slategrey
708090,slategray
737373,gray45
747170,Gray50
748269,seaweed roll
757575,gray46
777733,ganegreen
778899,lightslategrey
778899,lightslategray
787878,gray47
800000,maroon
800080,purple
800517,Firebrick
805817,Goldenrod4
806517,Gold4
808000,olive
808069,warmgrey
808080,gray
808080,grey
810541,Maroon
8687,eggplant
817339,Light Goldenrod4
817679,Lavendar Blush4
827839,Khaki4
828282,gray51
856363,dustyrose
858585,gray52
872657,raspberry
878787,gray53
919191,gray57
949494,gray58
964514,marsorange
969696,gray59
990099,truepurple
993300,chocolate
999999,gray60
5993E5,chemical suit
215E21,huntergreen
463E43,Dim Gray
855E44,darkwood
584E58,blue corn chips
238E70,seagreen
668E88,green ash
00008B,darkblue
00009C,newmidnightblue
0000CD,mediumblue
0000EE,blue2
0000FF,blue
003EFF,cichlid
003F87,sign blue
004F00,dumpster
00611C,celtics
00688B,deepskyblue4
006B54,sign green
007FFF,slateblue
00868B,turquoise4
008B00,green4
008B45,springgreen4
008B8B,darkcyan
0099CC,skyblue5
009ACD,deepskyblue3
00AF33,truegreen
00B2EE,deepskyblue2
00BFFF,deepskyblue
00C5CD,turquoise3
00C78C,turquoiseblue
00C957,emeraldgreen
00CD00,green3
00CD66,springgreen3
00CDCD,cyan3
00CED1,darkturquoise
00E5EE,turquoise2
00EE00,green2
00EE76,springgreen2
00EEEE,cyan2
00F5FF,turquoise1
00FA9A,mediumspringgreen
00FF00,lime
00FF00,Green
00FF33,springgreen
00FF66,neonavocado
00FF7F,springgreen
00FFAA,seagreen
00FFCC,light teal
00FFFF,aqua
00FFFF,cyan
00FFFF,Cyan
0147FA,ty nant
01C5BB,mouthwash
0276FD,picasso blue
03A89E,manganeseblue
05B8CC,cerulean
05E9FF,indiglo
05EDFF,teal LED
0A0A0A,gray4
0AC92B,permanentgreen
0BB5FF,police strobe
0D0D0D,gray5
0E8C3A,banker's lamp
0EBFE9,diamond blue
0F0F0F,gray6
0FDDAF,turquoise
104E8B,dodgerblue4
120A8F,ultramarine
138F6A,garden hose
1464F4,ulysses butterfly
151B54,Midnight Blue
151B8D,Cornflower Blue
15317E,Royal Blue4
153E7E,Dodger Blue4
1569C7,Dodger Blue3
157DEC,Dodger Blue2
1589FF,Dodger Blue
1874CD,dodgerblue3
1A1A1A,gray10
1B3F8B,alaska sky
1B6453,6 ball
1C1C1C,gray11
1C86EE,dodgerblue2
1D7CF2,peafowl
1DA237,bottle green
1E90FF,dodgerblue
1F1F1F,gray12
20B2AA,lightseagreen
20BF9F,emerald city
213D30,packer green
223C,delft
228B22,forestgreen
23238E,navyblue
236B8E,steelblue
25383C,Dark Slate Gray
2554C7,Royal Blue3
25587E,Deep Sky Blue4
26466D,blue spider
27408B,royalblue4
283A90,pabst blue
28AE7B,emeraldgreen2
2A8E82,atlantic green
2B1B17,Gray21
2B2B2B,gray17
2B3856,Dark Slate Blue
2B4F81,blue angels
2B547E,Steel Blue4
2B60DE,Royal Blue
2B65EC,Royal Blue2
2C5197,st louis blues
2C5D3F,cucumber
2E0854,indigo
2E2E2E,gray18
2E37FE,stained glass
2E473B,lampblack
2E6444,park bench
2E8B57,seagreen
2F2F4F,midnightblue
2F4F2F,darkgreen
2F4F4F,darkslategray
2F4F4F,darkslategrey
2FAA96,aquarium
302B54,presidential blue
3063A5,mailbox
306EFF,Royal Blue1
307D7E,Cyan4
3090C7,Deep Sky Blue3
31B94D,pool table
3232CC,mediumblue
3232CD,mediumblue
324F17,limerind
325C74,liz eyes
3299CC,skyblue6
32CC99,mediumaquamarine2
32CD32,limegreen
32CD99,mediumaquamarine3
3300FF,cornflower
3333FF,royalblue
33A1C9,peacock
33A1DE,blue line
33FF33,parrotgreen
34282C,Gray26
342D7E,Slate Blue4
347C17,Green4
347C2C,Spring Green4
34925E,octopus
353F3E,army uniform
35586C,pacific blue
3579DC,parrot
357EC7,Slate Blue
36648B,steelblue4
36DBCA,pacific green
37BC61,aquaman
37FDFC,metallic mint
382D2C,Gray27
385E0F,terreverte
387C44,Sea Green4
388E8E,sgiteal
38ACEC,Deep Sky Blue2
38B0DE,summersky
397D02,green pepper
39B7CD,nypd blue
3A5894,blue train
3A5FCD,royalblue3
3A6629,circuit board
3A66A7,big blue bus
3b3131,Gray28
3B3178,dress blue
3B3B3B,gray23
3B4990,blue grapes
3B5323,romaine lettuce
3B5E2B,olive3b
3B6AA0,greek roof
3B8471,blue green algae
3B9C9C,Dark Turquoise
3BB9FF,Deep Sky Blue
3CB371,mediumseagreen
3D3D3D,gray24
3D5229,wet moss
3D59AB,cobalt
3D5B43,obsidian
3D8B37,green lantern
3D9140,cobaltgreen
3E3535,Gray29
3E6B4F,green party
3E766D,green gables
3E766D,mediterranean
3E7A5E,ooze
3EA055,clover
3EA99F,Light Sea Green
3F602B,douglas fir
3F9E4D,green taxi
40664D,shamrock
40E0D0,turquoise
41383C,Gray31
427E,Sky Blue4
41A317,Lime Green
42426F,cornflowerblue
42526C,blue jeans
42647F,blue whale
426F42,mediumseagreen
42C0FB,caribbean
435D36,spinach
436EEE,royalblue2
4372AA,denim
437C17,Chartreuse4
43BFC7,Turquoise3
43C6DB,Turquoise
43CD80,seagreen3
43D58C,go
458B00,chartreuse4
458B74,aquamarine4
45C3B8,natural turquoise
461B7E,Purple4
463E3F,Gray32
46523C,od green
4682B4,steelblue
46C7C7,Cyan3
473C8B,slateblue4
476A34,noble fir
483D8B,darkslateblue
484D46,park ranger
4863A0,Steel Blue
4876FF,royalblue1
488AC7,Steel Blue3
48CCCD,Medium Turquoise
48D1CC,mediumturquoise
4973AB,blue bird
4981CE,blue ridge mtns
499DF5,blue bucket
49E20E,Nerf green
49E9BD,electric turquoise
4A4344,Gray34
4A4A4A,gray29
4A7023,kakapo
4A708B,skyblue4
4A766E,darkgreencopper
4A777A,fenway monster
4AA02C,Spring Green
4AA02C,Spring Green
4AC948,wales
4B0082,indigo
4BB74C,green M&M
4C4646,Gray35
4C7064,bluegrass
4C787E,Cadet Blue4
4C7D7E,Dark Slate Gray4
4CB7A5,blue lagoon
4CBB17,kelly
4CC417,Green3
4CC552,Spring Green3
4D4D4D,gray30
4D4DFF,neonblue
4D6B50,fraser fir
4D6FAC,pollock blue
4D71A3,lake ontario
4D7865,green visor
4DBD33,grass
4E387E,Medium Purple4
4E4848,Gray36
4E78A0,aquamarine
4E8975,Sea Green
4E9258,Forest Green
4EE2EC,Turquoise2
4EEE94,seagreen2
4F2F4F,violet
4F4F2F,darkolivegreen
4F4F4F,gray31
4F8E83,green scrubs
4F94CD,steelblue3
504A4B,Gray37
50729F,blue stone
50A6C2,lake michigan
50EBEC,Cyan2
5190ED,blue pill
525C65,blue dog
526F35,fenway grass
527F76,greencopper
528B8B,darkslategray4
52D017,Yellow Green
52F3FF,Turquoise1
53868B,cadetblue4
539DC2,carolina blue
544E4F,Gray38
548B54,palegreen4
54C571,Sea Green3
54FF9F,seagreen1
551A8B,purple4
556B2F,darkolivegreen
55AE3A,leaf
566D7E,Light Sky Blue4
567E3A,forestgreen2
56A5EC,Steel Blue2
571B7e,Dark Orchid4
57E964,Spring Green2
57FEFF,Cyan1
5959AB,richblue
596C56,snake
59E817,Green2
5A6351,lizard
5B59BA,curacao
5B90F6,natural gas
5B9C64,emerald
5C246E,ultramarineviolet
5C3317,bakerschocolate
5C4033,verydarkbrown
5C5858,Gray41
5C5C5C,gray36
5CACEE,steelblue2
5CB3FF,Steel Blue1
5D478B,mediumpurple4
5D7B93,lake huron
5D90,greenstamp
5D92B1,blue sponge
5DFC0A,green LED
5E2605,vandykebrown
5E2612,sepia
5E5A80,Medium Slate Blue
5E5E5E,gray37
5E767E,Light Blue4
5E7D7E,Pale Turquoise4
5EDA9E,fresh green
5EFB6E,Spring Green1
5F5A59,Gray42
5F755E,tea leaves
5F9EA0,cadetblue
5F9F9F,cadetblue
5FFB17,Green1
607B8B,lightskyblue4
607C6E,fisherman's float
60AFFE,la maison bleue
615E3F,tank
6D7E,Slate Gray4
617C58,Dark Sea Green4
6183A6,lake erie
61B329,cinnabargreen
625D5D,Gray43
62B1F6,tropical blue
636F57,cactus
63AB62,green algae
63B8FF,steelblue1
63D1F4,surf
646D7E,Light Steel Blue4
646F5E,seaweed
6495ED,cornflowerblue
64E986,Sea Green2
65909A,lindsay eyes
659D32,tree moss
659EC7,Sky Blue3
6600FF,blue 
6666FF,cobalt
667C26,Dark Olive Green4
668B8B,paleturquoise4
6698FF,Sky Blue
66CCCC,aqua
66CD00,chartreuse3
66CDAA,mediumaquamarine
66FF66,wasabi
67C8FF,neon blue
67E6EC,swimming pool
68228B,darkorchid4
683A5E,sea urchin
687C97,blue tuna
687E5A,pond scum
68838B,lightblue4
691F01,maroon5
6959CD,slateblue3
6960EC,Slate Blue2
698B22,olivedrab4
698B69,darkseagreen4
6996AD,blue shark
6A287E,Medium Orchid4
6A5ACD,slateblue
6A8455,green hornet
6AFB92,Sea Green1
6B238E,darkslateblue
6B4226,semisweet chocolate1
6B6B6B,gray42
6B8E23,olivedrab
6C2DC7,Purple3
6C7B8B,slategray4
6CA6CD,skyblue3
6CC417,Chartreuse3
6D6968,Gray47
6D7B8D,Light Slate Gray
6D9BF1,neptune
6E6A6B,Gray48
6E6E6E,gray43
6E7B8B,lightsteelblue4
6E8B3D,darkolivegreen4
6EFF70,viridianlight
6F4242,salmon5
6F7285,dolphin
7093DB,darkturquoise
70DB93,aquamarine
70DBDB,mediumturquoise
737D,garden plum
7171C6,sgislate blue
717D7D,Light Cyan4
71C671,sgichartreuse
72587F,indigo tile
726E6D,Gray49
728FCE,Light Steel Blue
733D1A,deepochre
734A12,rawumber
736AFF,Light Slate Blue
736F6E,Gray
737CA1,Slate Blue
737CA1,Slate Blue
739AC5,seurat blue
73B1B7,old copper
74BBFB,blue ice
754C78,lavender field
759B84,blue fern
75A1D0,blueberry
76EE00,chartreuse2
76EEC6,aquamarine2
77896C,green goo
77BFC7,Cadet Blue3
78A489,pumice
78AB46,pea
78c7c7,Dark Slate Gray3
79973F,pea
79A888,Coke bottle
79BAEC,Sky Blue2
79CDCD,darkslategray3
7A378B,mediumorchid4
7A5DC7,Medium Purple3
7A67EE,slateblue2
7A7A7A,gray48
7A8B8B,lightcyan4
7AA9DD,cat eye
7AC5CD,cadetblue3
7B3F00,cinnamon
7B68EE,mediumslateblue
7BBF6A,green moth
7BCC70,night vision
7CCD7C,palegreen3
7CFC00,lawngreen
7D053F,Deep Pink4
7D0541,Violet Red4
7D0552,Maroon4
7D1B7E,Dark Orchid
7D2252,Hot Pink4
7D26CD,purple3
7D7D7D,gray49
7D7F94,blue nile
7D9EC0,sgilightblue
7E2217,Indian Red4
7E3117,Dark Orange3
7E3517,Sienna4
7E354D,Pale Violet Red4
7E3817,Salmon4
7E587E,Plum4
7EB6FF,forget me nots
7EC0EE,skyblue2
7F00FF,mediumslateblue2
7F38EC,Purple2
7F462C,Light Salmon4
7F4E52,Light Pink4
7F5217,Dark Goldenrod4
7F525D,Pink4
7F5A58,Rosy Brown4
7F7F7F,gray50
7F8778,flight jacket
7F9A65,kiwi
7FE817,Chartreuse2
7FFF00,chartreuse
7FFFD4,aquamarine
802A2A,brown
806D7E,Thistle4
808A87,coldgrey
820BBB,wild violet
827B60,Lemon Chiffon4
82CAFA,Light Sky Blue
82CAFF,Sky Blue
82CFFD,blue mist
836FFF,slateblue1
838B83,honeydew4
838B8B,azure4
838EDE,nikko blue
83F52C,neon green
842DCE,Dark Violet
8467D7,Medium Purple
8470FF,lightslateblue
84BE6A,frog
862A51,plum pudding
86C67C,100 euro
871F78,darkpurple
87421F,brownochre
87AFC7,Light Sky Blue3
87CEEB,skyblue
87CEFA,lightskyblue
87CEFF,skyblue1
87F717,Lawn Green
88ACE0,blue cow
893BFF,Purple1
8968CD,mediumpurple3
8A2BE2,blueviolet
8A3324,burntumber
8A360F,burntsienna
8A4117,Sienna
8A8A8A,gray54
8AA37B,green quartz
8AFB17,Chartreuse
8B0000,darkred
8B008B,darkmagenta
8B0A50,deeppink4
8B1A1A,firebrick4
8B1C62,maroon4
8B2252,violetred4
8B2323,brown4
8B2500,orangered4
8B31C7,Dark Orchid3
8B3626,tomato4
8B3A3A,indianred4
8B3A62,hotpink4
8B3E2F,coral4
8B4500,darkorange4
8B4513,saddlebrown
8B4726,sienna4
8B475D,palevioletred4
8B4789,orchid4
8B4C39,salmon4
8B5742,lightsalmon4
8B5A00,orange4
8B5A2B,tan4
8B5F65,lightpink4
8B636C,pink4
8B6508,darkgoldenrod4
8B668B,plum4
8B6914,goldenrod4
8B6969,rosybrown4
8B7355,burlywood4
8B7500,gold4
8B7765,peachpuff4
8B795E,navajowhite4
8B7B8B,thistle4
8B7D6B,bisque4
8B7D7B,mistyrose4
8B7E66,wheat4
8B814C,light goldenrod4
8B8378,antiquewhite4
8B8386,lavenderblush4
8B864E,khaki4
8B8682,seashell4
8B8878,cornsilk4
8B8970,lemonchiffon4
8B8989,snow4
8B8B00,yellow4
8B8B7A,lightyellow4
8B8B83,ivory4
8BA446,martini olive
8BA870,soylent green
8BB381,Dark Sea Green
8C1717,scarlet
8C7853,bronze
8C8C8C,gray55
8CDD81,green soap
8D38C9,Violet
8DB6CD,lightskyblue3
8DEEEE,darkslategray2
8E2323,firebrick5
8E236B,maroon6
8E35EF,Purple
8E388E,sgibeet
8E6B23,sienna
8E8E38,sgiolivedrab
8EE5EE,cadetblue2
8EEBEC,Dark slate Gray2
8F5E99,violet
8F8F8F,gray56
8F8FBC,lightsteelblue
8FA880,green cheese
8FBC8F,darkseagreen
8FD8D8,lightblue
90EE90,lightgreen
90FEFB,cool mint
91219E,cobaltvioletdeep
912CEE,purple2
9172EC,Medium Purple2
91B49C,LCD back
92C7C7,Pale Turquoise3
92CCA6,pastel green
9370DB,mediumpurple
93DB70,greenyellow
9400D3,darkviolet
95B9C7,Light Blue3
96C8A2,eton blue
96CDCD,paleturquoise3
97694F,darktan
97FFFF,darkslategray1
98A148,avocado
98AFC7,Slate Gray3
98F5FF,cadetblue1
98FB98,palegreen
99182C,bordeaux
9932CC,darkorchid
9932CD,darkorchid
99C68E,Dark Sea Green3
99CC32,yellowgreen2
99CDC9,wavecrest
9A32CD,darkorchid3
9AC0CD,lightblue3
9ACD32,yellowgreen
9AFEFF,Dark Slate Gray1
9AFF9A,palegreen1
9B30FF,purple1
9BC4E2,cerulean blue
9BCD9B,darkseagreen3
9C661F,brick
9C6B98,purple ink
9C9C9C,gray61
9CA998,cantaloupe
9CCB19,jolly green
9D6B84,amethyst
9D8851,canvas
9DB68C,camo3
9E0508,burgundy
9E7BFF,Medium Purple1
9E9E9E,gray62
9F5F9F,blueviolet
9F79EE,mediumpurple2
9F9F5F,khaki
9FB6CD,slategray3
A020F0,purple
A0522D,sienna
A0C544,Dark Olive Green3
A0CFEC,Light Sky Blue2
A1A1A1,gray63
A23BEC,Dark Orchid2
A2627A,smyrna purple
A2B5CD,lightsteelblue3
A2BC13,kermit
A2C257,avacado
A2C93A,sweet potato vine
A2CD5A,darkolivegreen3
A39480,beige dark
A3A3A3,gray64
A46582,20 pound
A4D3EE,lightskyblue2
A4DCD1,liberty
A52A2A,brown
A5435C,bunny eye
A62A2A,brown
A67D3D,bronzeii
A68064,mediumwood
A6A6A6,gray65
A6D785,guacamole
A74AC7,Medium Orchid3
A74CAB,turnip
A78D84,sandstone
A8A8A8,gray66
A9A9A9,darkgrey
A9A9A9,darkgray
A9ACB6,aluminum
A9C9A4,camo2
AA00FF,purple6
AA5303,coffee
AA6600,cinnamon
AAAAAA,sgilightgray
AAAAFF,periwinkle
AADD00,goldgreen
AB82FF,mediumpurple1
ABABAB,gray67
AC7F24,organic tea
ADA96E,Khaki
ADADAD,gray68
ADD8E6,lightblue
ADDFFF,Light Blue
ADEAEA,turquoise
ADFF2F,greenyellow
AEBB51,wasabi sauce
AEEEEE,paleturquoise2
AF1E2D,sign red
AF4035,cola
AF7817,Dark Goldenrod
AFC7C7,Light Cyan3
AFDCEC,Light Blue2
AFEEEE,paleturquoise
B0171F,indianred
B03060,maroonb0
B041FF,Dark Orchid1
B048B5,Medium Orchid
B0B0B0,gray69
B0C4DE,lightsteelblue
B0E0E6,powderblue
B0E2FF,lightskyblue1
B13E0F,kidney bean
B1FB17,Green Yellow
B22222,firebrick
B23AEE,darkorchid2
B272A6,purple fish
B2D0B4,shamrock shake
B2DFEE,lightblue2
B38481,Rosy Brown
B3B3B3,gray70
B3C95A,key lime pie
B3EE3A,olivedrab2
B452CD,mediumorchid3
B4CDCD,lightcyan3
B4CFEC,Slate Gray2
B4D7BF,vanilla mint
B4EEB4,darkseagreen2
B5509C,thistle
B5A642,brass
B5B5B5,gray71
B5EAAA,Dark Sea Green2
B62084,harold's crayon
B63C,cranberry
B6AFA9,titanium
B6C5BE,brushed aluminum
B7C3D0,heather blue
B7C8B6,new $20
B7CEEC,Light Steel Blue2
B87333,copper
B8860B,darkgoldenrod
B8B8B8,gray72
B93B8F,Plum
B9D3EE,slategray2
BA55D3,mediumorchid
BABABA,gray73
BBFFFF,paleturquoise1
BC8F8F,rosybrown
BCD2EE,lightsteelblue2
BCE937,chartreuse verte
BCE954,Dark Olive Green2
BCED91,green mist
BCEE68,darkolivegreen2
BDB76B,darkkhaki
BDBDBD,gray74
BDEDFF,Light Blue1
BDFCC9,mint green
BEBEBE,gray
BEE554,cat eye
BF3EFF,darkorchid1
BF5FFF,violet flower
BFBFBF,gray75
BFEFFF,lightblue1
C031C7,Magenta3
C0C0C0,silver
C0D9AF,lichen
C0D9D9,lightblue
C0FF3E,olivedrab1
C11B17,Firebrick3
C12267,Deep Pink3
C12283,Maroon3
C12869,Violet Red3
C1CDC1,honeydew3
C1CDCD,azure3
C1F0F6,pastel blue
C1FFC1,darkseagreen1
C24641,Indian Red3
C25283,Hot Pink3
C25A7C,Pale Violet Red3
C2C2C2,gray76
C2DFFF,Slate Gray1
C34A2C,Coral3
C35617,Dark Orange3
C35817,Sienna3
C36241,Salmon3
C38EC7,Plum3
C3E4ED,robin's egg
C3FDB8,Dark Sea Green1
C45AEC,Medium Orchid2
C47451,Light Salmon3
C48189,Light Pink3
C48793,Pink3
C4C4C4,gray77
C58917,Dark Goldenrod3
C5908E,Rosy Brown3
C5C1AA,sgibrightgray
C5E3BF,mint ice cream
C67171,sgisalmon
C68E17,Goldenrod3
C6AEC7,Thistle3
C6C3B5,ash
C6DEFF,Light Steel Blue1
C6E2FF,slategray1
C71585,mediumvioletred
C73F17,chili powder
C76114,rawsienna
C77826,goldochre
C7A317,Gold3
C7C7C7,gray78
C82536,ruby red
C85A17,Chocolate
C8B560,Light Goldenrod3
C8BBBE,Lavender Blush3
C8F526,ty vest
C9BE62,Khaki3
C9C299,Lemon Chiffon3
C9C9C9,gray79
CA226B,Medium Violet Red
CAE1FF,lightsteelblue1
CAFF70,darkolivegreen1
CBCAB6,fog
CC00FF,grape
CC1100,bloodorange
CC3232,orange
CC3299,violetred
CC4E5C,apple
CC7722,ochre
CC7F32,gold5
CC99CC,lavender
CCCC00,ralphyellow
CCCCCC,gray80
CCCCFF,offwhiteblue
CCFB5D,Dark Olive Green1
CCFFCC,offwhitegreen
CD0000,red3
CD00CD,magenta3
CD1076,deeppink3
CD2626,firebrick3
CD2990,maroon3
CD3278,violetred3
CD3333,brown3
CD3700,orangered3
CD4F39,tomato3
CD5555,indianred3
CD5B45,coral3
CD5C5C,indianred
CD6090,hotpink3
CD6600,darkorange3
CD661D,chocolate3
CD6839,sienna3
CD6889,palevioletred3
CD69C9,orchid3
CD7054,salmon3
CD7F32,gold6
CD82,lightsalmon3
CD8500,orange3
CD853F,peru
CD8C95,lightpink3
CD919E,pink3
CD950C,darkgoldenrod3
CD96CD,plum3
CD9B1D,goldenrod3
CD9B9B,rosybrown3
CDAA7D,burlywood3
CDAD00,gold3
CDAF95,peachpuff3
CDB38B,navajowhite3
CDB5CD,thistle3
CDB79E,bisque3
CDB7B5,mistyrose3
CDBA96,wheat3
CDBE70,light goldenrod3
CDC0B0,antiquewhite3
CDC1C5,lavenderblush3
CDC5BF,seashell3
CDC673,khaki3
CDC8B1,cornsilk3
CDC9A5,lemonchiffon3
CDC9C9,snow3
CDCD00,yellow3
CDCDB4,lightyellow3
CDCDC1,ivory3
CDCDCD,verylightgrey
CDD704,fire truck green
CDE472,iceberg lettuce
CECC15,green grape
CFB53B,oldgold
CFCFCF,gray81
CFD784,celery
CFDBC5,camo1
CFECEC,Light Cyan2
D02090,violetred
D0A9AA,conch
D0D2C4,battleship
D15FEE,mediumorchid2
D587,Pale Violet Red
D19275,feldspar
D1D1D1,gray82
D1E231,pear
D1EEEE,lightcyan2
D2691E,chocolate
D2B48C,tan
D2B9D3,Thistle
D3BECF,pink glass
D3D3D3,lightgray
D3D3D3,lightgrey
D41A1F,venetianred
D4318C,barney
D43D1A,englishred
D44942,chili
D462FF,Medium Orchid1
D4A017,Gold
D4D4D4,gray83
D4ED91,limepulp
D6D6D6,gray84
D8BFD8,thistle
D8D8BF,wheat
D98719,cool copper
D9D919,brightgold
D9D9D9,gray85
D9D9F3,quartz
DA70D6,orchid
DAA520,goldenrod
DAF4F0,blue ice
DB2645,permanent redviolet
DB2929,brownmadder
DB7093,palevioletred
DB70DB,orchid
DB9370,tan
DB9EA6,ham
DBDB70,goldenrod
DBDBDB,gray86
DBE6E0,moon
DBFEF8,mint blue
DC143C,crimson
DCDCDC,gainsboro
DD7500,sign orange
DDA0DD,plum
DE85B1,carnation
DEB887,burlywood
DEDEDE,gray87
DFFFA5,melonrindgreen
E0427F,pink jeep
E066FF,mediumorchid1
E0DFDB,stainless steel
E0E0E0,gray88
E0EEE0,honeydew2
E0EEEE,azure2
E0FFFF,lightcyan
E0FFFF,Light Cyan
E18B6B,Dark Salmon
E238EC,Magenta2
E2DDB5,cream city brick
E31230,geraniumlake
E3170D,cadmiumreddeep
E32636,alizarincrimson
E32E30,madderlakedeep
E3319D,Maroon2
E33638,rosemadder
E35152,hematite
E3701A,marsyellow
E38217,yellowochre
E3A869,melon
E3CF57,banana
E3E3E3,gray89
E3E4FA,Lavender
E41B17,Red2
E42217,Firebrick2
E4287C,Deep Pink2
E4317F,Violet Red2
E45E9D,Hot Pink2
E47833,mandarianorange
E55451,Indian Red2
E55B3C,Coral2
E56717,Dark Orange2
E56E94,Pale Violet Red2
E5E5E5,gray90
E66C2C,Sienna2
E67451,Salmon2
E6A9EC,Plum2
E6B426,semisweet chocolate2
E6E6FA,lavender
E6E8FA,silver
E77471,Light Coral
E78A61,Light Salmon2
E799A3,Light Pink2
E79EA9,tongue
E7A1B0,Pink2
E7C6A5,espresso
E8A317,Dark Goldenrod2
E8ADAA,Rosy Brown2
E8C782,dark wheat
E8E8E8,gray91
E8F1D4,chrome
E9967A,darksalmon
E9AB17,Goldenrod2
E9C2A6,lightwood
E9CFEC,Thistle2
EAADEA,plum2
EAC117,Gold2
EAEAAE,mediumgoldenrod
EB5E66,cherry
EBC79E,newtan
EBDDE2,Lavender Blush2
EBEBEB,gray92
ECC3BF,piglet snout
ECC8EC,corfu pink
ECD672,Light Golden2
ECD872,Light Goldenrod
ECE5B6,Lemon Chiffon2
ED9121,carrot
EDC393,light copper
EDDA74,Goldenrod
EDE275,Khaki2
EDEDED,gray93
EE0000,red2
EE00EE,magenta2
EE1289,deeppink2
EE2C2C,firebrick2
EE30A7,maroon2
EE3A8C,violetred2
EE3B3B,brown2
EE4000,orangered2
EE5C42,tomato2
EE6363,indianred2
EE6A50,coral2
EE6AA7,hotpink2
EE7600,darkorange2
EE7621,chocolate2
EE7942,sienna2
EE799F,palevioletred2
EE7AE9,orchid2
EE8262,salmon2
EE82EE,violet
EE8833,tan
EE9572,lightsalmon2
EE9A00,orange2
EE9A49,tan2
EE9A4D,Sandy Brown
EEA2AD,lightpink2
EEA9B8,pink2
EEAD0E,darkgoldenrod2
EEAEEE,plum2
EEB422,goldenrod2
EEB4B4,rosybrown2
EEC591,burlywood2
EEC900,gold2
EECBAD,peachpuff2
EECFA1,navajowhite2
EED2EE,thistle2
EED5B7,bisque2
EED5D2,mistyrose2
EED6AF,beach sand
EED8AE,wheat2
EEDC82,lightgoldenrod2
EEDD82,lightgoldenrod
EEDFCC,antiquewhite2
EEE0E5,lavenderblush2
EEE5DE,seashell2
EEE685,khaki2
EEE8AA,palegoldenrod
EEE8CD,cornsilk2
EEE9BF,lemonchiffon2
EEE9E9,snow2
EEEE00,yellow2
EEEED1,lightyellow2
EEEEE0,ivory2
F08080,lightcoral
F0A804,pyridiumorange
F0E68C,khaki
F0F0F0,gray94
F0F8FF,aliceblue
F0FFF0,honeydew
F0FFFF,azure
F2F2F2,gray95
F3E88E,grapefruit
F433FF,Magenta1
F4A460,sandybrown
F52887,Deep Pink
F535AA,Maroon1
F54D70,cranberry jello
F5DEB3,wheat
F5F5DC,beige
F5F5F5,whitesmoke
F5FFFA,mintcream
F62217,Red1
F62817,Firebrick1
F6358A,Violet Red
F6358A,Violet Red1
F660AB,Hot Pink
F665AB,Hot Pink1
F6A4D5,dog tongue
F6A8B6,pink cloud
F6C9CC,bermuda sand
F6CCDA,pink shell
F75D59,Indian Red1
F76541,Coral
F778A1,Pale Violet Red1
F7B3DA,cotton candy
F7F7F7,gray97
F87217,Dark Orange1
F87431,Sienna1
F88017,Dark Orange
F8F8FF,ghostwhite
F9966B,Light Salmon
F9A7B0,Light Pink1
F9B7FF,Plum1
FA8072,salmon
FAAFBA,Light Pink
FAAFBE,Pink
FAEBD7,antiquewhite
FAF0E6,linen
FAF8CC,Light Goldenrod Yellow
FAFAD2,lightgoldenrodyellow
FAFAFA,gray98
FBAC,apricot
FBB117,Dark Goldenrod1
FBB917,Goldenrod1
FBBBB9,Rosy Brown1
FBEC5D,corn
FCB514,packer gold
FCD1,sign yellow
FCD59C,bread
FCDFFF,Thistle1
FCE6C9,eggshell
FCFCFC,gray99
FCFFF0,titaniumwhite
FDD017,Gold1
FDEEF4,Lavender Blush
FDF5E6,oldlace
FDF8FF,zincwhite
FEE5AC,honey
FEE8D6,desert sand
FEF0DB,peach
FEF1B5,buttermilk
FF0000,red
FF0000,Red
FF0033,bright red
FF0066,broadwaypink
FF007F,orangered
FF00AA,fuchsia2
FF00CC,rose
FF00FF,fuchsia
FF00FF,magenta
FF00FF,Magenta
FF030D,cadmiumredlight
FF1493,deeppink
FF1CAE,spicypink
FF2400,orangered
FF3030,firebrick1
FF3300,nectarine
FF3333,novascotia salmon
FF34B3,maroon1
FF3D0D,greenishumber
FF3E96,violetred1
FF4040,brown1
FF4500,orangered
FF5333,ty cone
FF5721,fleshochre
FF6103,cadmiumorange
FF6347,tomato
FF6600,orange
FF6666,seattle salmon
FF69B4,hotpink
FF6A6A,indianred1
FF6EB4,hotpink1
FF6EC7,neonpink
FF7256,coral1
FF7722,oregon salmon
FF7D40,orange5
FF7F00,darkorange1
FF7F24,chocolate1
FF7F50,coral
FF8000,orange
FF8247,sienna1
FF82AB,palevioletred1
FF83FA,orchid1
FF8600,darkorange5
FF8C00,darkorange
FF8C69,salmon1
FF92BB,bubble gum
FF9912,cadmiumyellow
FF9955,peach
FFA07A,lightsalmon
FFA500,orange
FFA54F,tan1
FFA812,naplesyellowdeep
FFA824,aureolineyellow
FFAA00,gold7
FFADB9,peachpuff
FFAEB9,lightpink1
FFB00F,cadmium yellowlight
FFB5C5,pink1
FFB6C1,lightpink
FFB90F,darkgoldenrod1
FFBBFF,plum1
FFC0CB,pink
FFC125,goldenrod1
FFC1C1,rosybrown1
FFC469,cheddar
FFCC11,mustard
FFCC99,sand
FFCCCC,flatpink
FFD39B,burlywood1
FFD700,gold
FFDAB9,peachpuff
FFDEAD,navajowhite
FFE1FF,thistle1
FFE303,cadmiumlemon
FFE4B5,moccasin
FFE4C4,bisque
FFE4E1,mistyrose
FFE600,yolk
FFE7BA,wheat1
FFE87C,Light Goldenrod1
FFEBCD,blanchedalmond
FFEC8B,light goldenrod1
FFEFD5,papayawhip
FFEFDB,antiquewhite1
FFF0F5,lavenderblush
FFF380,Khaki1
FFF5EE,seashell
FFF68F,khaki1
FFF8C6,Lemon Chiffon
FFF8DC,cornsilk
FFFACD,lemonchiffon
FFFAF0,floralwhite
FFFAFA,snow
FFFC17,Yellow1
FFFCCF,coconut
FFFF00,yellow
FFFF00,Yellow
FFFF7E,papaya
FFFFAA,popcornyellow
FFFFCC,bone
FFFFE0,lightyellow
FFFFF0,ivory
FFFFFF,white
